Tibia_Femur_fifth_last,Tibia_Background_fifth_last,Femur_Background_fifth_last,Tibia_Femur_third_last,Tibia_Background_third_last,Femur_Background_third_last,Tibia_Femur_last,Tibia_Background_last,Femur_Background_last
0.973834216594696,0.5118023753166199,0.4417564570903778,0.9581777453422546,0.6336035132408142,0.5893409848213196,0.8900710344314575,0.7915131449699402,0.7090871930122375

Image_Pair, Fifth_last,Third_last,Last
Tibia_Femur,0.973834216594696,0.9581777453422546,0.8900710344314575
Tibia_Background,0.5118023753166199,0.6336035132408142,0.7915131449699402
Femur_Background,0.9581777453422546,0.5893409848213196,0.7090871930122375